/*
SQLyog Ultimate v12.08 (64 bit)
MySQL - 5.5.49 : Database - sms
*********************************************************************
*/

/*!40101 SET NAMES utf8 */;

/*!40101 SET SQL_MODE=''*/;

/*!40014 SET @OLD_UNIQUE_CHECKS=@@UNIQUE_CHECKS, UNIQUE_CHECKS=0 */;
/*!40014 SET @OLD_FOREIGN_KEY_CHECKS=@@FOREIGN_KEY_CHECKS, FOREIGN_KEY_CHECKS=0 */;
/*!40101 SET @OLD_SQL_MODE=@@SQL_MODE, SQL_MODE='NO_AUTO_VALUE_ON_ZERO' */;
/*!40111 SET @OLD_SQL_NOTES=@@SQL_NOTES, SQL_NOTES=0 */;
CREATE DATABASE /*!32312 IF NOT EXISTS*/`sms` /*!40100 DEFAULT CHARACTER SET utf8 */;

USE `sms`;

/*Table structure for table `clazzs` */

DROP TABLE IF EXISTS `clazzs`;

CREATE TABLE `clazzs` (
  `id` int(11) NOT NULL AUTO_INCREMENT COMMENT '序列号',
  `clazzNumber` char(20) DEFAULT NULL COMMENT '班级编号',
  `clazzName` char(50) DEFAULT NULL COMMENT '班级名称',
  `describe` varchar(500) DEFAULT NULL COMMENT '备注',
  PRIMARY KEY (`id`)
) ENGINE=InnoDB AUTO_INCREMENT=15 DEFAULT CHARSET=utf8;

/*Data for the table `clazzs` */

insert  into `clazzs`(`id`,`clazzNumber`,`clazzName`,`describe`) values (1,'0','0','0'),(2,'001','10计科一班','计算机科学与技术'),(4,'003','10电信一班','电子信息工程'),(5,'004','10电信二班','电子信息工程'),(6,'005','10信管一班','信息管理科学'),(7,'006','10信管二班','信息管理科学'),(8,'007','10信技一班','信息计算'),(9,'008','10信计二班','信息计算'),(10,'009','10会计一班','会计'),(11,'010','10会计二班','会计'),(12,'011','10会计三班','会计33'),(14,'002','10计科二班','计算机科学于技术2');

/*Table structure for table `courses` */

DROP TABLE IF EXISTS `courses`;

CREATE TABLE `courses` (
  `id` int(11) NOT NULL AUTO_INCREMENT COMMENT '编号',
  `courseNumber` char(20) DEFAULT NULL COMMENT '课程编号',
  `courseName` char(50) DEFAULT NULL COMMENT '课程名称',
  `describe` varchar(500) DEFAULT NULL COMMENT '备注',
  PRIMARY KEY (`id`)
) ENGINE=InnoDB AUTO_INCREMENT=17 DEFAULT CHARSET=utf8;

/*Data for the table `courses` */

insert  into `courses`(`id`,`courseNumber`,`courseName`,`describe`) values (1,'900','数据结构','数据结构与算法'),(2,'901','操作系统','操作系统原理'),(3,'902','计算机网络','网络基本原理'),(4,'903','计算机组成原理','计算机组成与体系结构'),(5,'904','数字电路','数字逻辑与电路'),(6,'905','模拟电路','模拟电子技术'),(7,'906','编译原理','编译的基本原理'),(8,'907','汇编语言','汇编程序设计'),(9,'908','C语言','C   程序设计'),(10,'909','C++','C++ 程序设计'),(11,'910','Java基础','Java程序设计'),(12,'911','高数','高等代数'),(13,'912','离散','离散数学'),(14,'913','计算方法','算法转换数学问题'),(15,'914','大学英语','College English'),(16,'915','软件工程','软件工程导论');

/*Table structure for table `scores` */

DROP TABLE IF EXISTS `scores`;

CREATE TABLE `scores` (
  `id` int(20) NOT NULL AUTO_INCREMENT COMMENT '序列号',
  `score` int(4) NOT NULL COMMENT '分数',
  `tcctId` int(20) NOT NULL COMMENT '教学安排Id',
  `userId` int(20) NOT NULL COMMENT '获得分数的学生',
  PRIMARY KEY (`id`)
) ENGINE=InnoDB AUTO_INCREMENT=22 DEFAULT CHARSET=utf8;

/*Data for the table `scores` */

insert  into `scores`(`id`,`score`,`tcctId`,`userId`) values (3,90,8,38),(4,98,8,4),(5,30,8,6),(6,80,8,7),(7,99,8,32),(8,99,16,32),(10,56,8,8),(11,99,8,34),(12,88,15,42),(13,88,20,32),(14,96,22,32),(15,98,19,32),(16,88,16,4),(17,55,16,38),(18,88,21,32),(19,100,1,32),(20,60,1,7),(21,65,1,4);

/*Table structure for table `tccts` */

DROP TABLE IF EXISTS `tccts`;

CREATE TABLE `tccts` (
  `id` int(20) NOT NULL AUTO_INCREMENT,
  `userId` int(20) DEFAULT NULL,
  `courseId` int(20) DEFAULT NULL,
  `clazzId` int(20) DEFAULT NULL,
  `termId` int(20) DEFAULT NULL,
  PRIMARY KEY (`id`)
) ENGINE=InnoDB AUTO_INCREMENT=28 DEFAULT CHARSET=utf8;

/*Data for the table `tccts` */

insert  into `tccts`(`id`,`userId`,`courseId`,`clazzId`,`termId`) values (1,15,1,2,1),(2,18,2,2,1),(3,19,3,2,1),(4,21,4,2,1),(5,22,5,2,1),(6,15,6,2,1),(7,23,7,2,1),(8,30,9,2,1),(9,35,10,2,1),(10,36,11,2,1),(11,37,12,2,1),(14,15,1,14,2),(15,30,2,14,2),(16,30,1,2,1),(17,30,1,14,1),(18,30,16,14,1),(19,30,2,2,1),(20,30,3,2,1),(21,30,11,2,1),(22,30,12,2,1),(23,36,14,2,1),(24,30,6,4,1),(25,30,5,5,1),(26,30,8,14,1),(27,30,8,9,1);

/*Table structure for table `terms` */

DROP TABLE IF EXISTS `terms`;

CREATE TABLE `terms` (
  `id` int(20) NOT NULL AUTO_INCREMENT,
  `name` char(100) DEFAULT NULL,
  `describe` varchar(500) DEFAULT NULL,
  PRIMARY KEY (`id`)
) ENGINE=InnoDB AUTO_INCREMENT=7 DEFAULT CHARSET=utf8;

/*Data for the table `terms` */

insert  into `terms`(`id`,`name`,`describe`) values (1,'2016-2017学年-第一学期','上学期'),(2,'2016-2017学年-第二学期','下学期'),(3,'2017-2018学年-第一学期','上学期'),(4,'2017-2018学年-第二学期','下学期'),(5,'2018-2019学年-第一学期','上学期'),(6,'2018-2019学年-第二学期','下学期');

/*Table structure for table `users` */

DROP TABLE IF EXISTS `users`;

CREATE TABLE `users` (
  `id` int(20) NOT NULL AUTO_INCREMENT COMMENT '序列号',
  `number` char(50) NOT NULL COMMENT '编号',
  `password` char(100) NOT NULL DEFAULT 'E10ADC3949BA59ABBE56E057F20F883E' COMMENT '密码',
  `userName` varchar(100) DEFAULT NULL COMMENT '姓名',
  `gender` tinyint(2) DEFAULT '0' COMMENT '性别',
  `birthday` char(20) DEFAULT NULL COMMENT '生日',
  `describe` varchar(500) DEFAULT NULL COMMENT '备注',
  `role` tinyint(2) DEFAULT '0' COMMENT '角色',
  `clazzId` int(20) DEFAULT NULL COMMENT '学生班级id',
  PRIMARY KEY (`id`)
) ENGINE=InnoDB AUTO_INCREMENT=546 DEFAULT CHARSET=utf8;

/*Data for the table `users` */

insert  into `users`(`id`,`number`,`password`,`userName`,`gender`,`birthday`,`describe`,`role`,`clazzId`) values (3,'0001','202CB962AC59075B964B07152D234B70','admin',0,'1997-02-08','我是管理员',2,1),(4,'2002','E10ADC3949BA59ABBE56E057F20F883E','刘思',0,'1998-01-01','varygood',0,2),(6,'2004','E10ADC3949BA59ABBE56E057F20F883E','李斯',0,'1998-11-11','good',0,2),(7,'2005','E10ADC3949BA59ABBE56E057F20F883E','王五',0,'1997-01-01','good',0,2),(8,'2006','E10ADC3949BA59ABBE56E057F20F883E','六子',1,'1998-01-30','good',0,2),(9,'2007','E10ADC3949BA59ABBE56E057F20F883E','奇奇',1,'1997-02-27','11',0,2),(10,'2008','E10ADC3949BA59ABBE56E057F20F883E','八哥',0,'1998-01-01','good',0,2),(11,'2009','E10ADC3949BA59ABBE56E057F20F883E','九妹',0,'1997-11-11','good',0,2),(15,'1003','E10ADC3949BA59ABBE56E057F20F883E','王老师',0,'1998-02-27','good',1,1),(17,'2200','E10ADC3949BA59ABBE56E057F20F883E','点心',0,'1998-11-11','good',0,4),(18,'1004','E10ADC3949BA59ABBE56E057F20F883E','于老师',0,'1998-02-08','good',1,1),(19,'1005','E10ADC3949BA59ABBE56E057F20F883E','吴老师',0,'1997-11-11','good',1,1),(20,'2300','E10ADC3949BA59ABBE56E057F20F883E','电信而',0,'1998-01-01','good',0,5),(21,'1006','E10ADC3949BA59ABBE56E057F20F883E','刘老师',0,'1997-01-30','good',1,1),(22,'1007','E10ADC3949BA59ABBE56E057F20F883E','齐老师',0,'1998-02-08','good',1,1),(23,'1008','E10ADC3949BA59ABBE56E057F20F883E','哈奇',0,'1998-03-12','000000',1,1),(30,'1001','202CB962AC59075B964B07152D234B70','孔孟',0,'1977-03-05','good sir',1,1),(32,'2001','202CB962AC59075B964B07152D234B70','朱剑锋',0,'1997-11-11','good',0,2),(33,'2010','E10ADC3949BA59ABBE56E057F20F883E','石头',0,'1997-11-11','good student',0,2),(34,'2011','E10ADC3949BA59ABBE56E057F20F883E','易天行',0,'1997-11-11','good',0,2),(35,'1009','E10ADC3949BA59ABBE56E057F20F883E','九五',0,'1997-11-11','88888888',1,1),(36,'1010','E10ADC3949BA59ABBE56E057F20F883E','石老师',0,'1997-11-11','88888888',1,1),(37,'1011','E10ADC3949BA59ABBE56E057F20F883E','易老师',0,'1998-03-12','88888888',1,1),(38,'2003','E10ADC3949BA59ABBE56E057F20F883E','张三',0,'1988-01-28','88888888',0,2),(39,'1002','E10ADC3949BA59ABBE56E057F20F883E','张老师',0,'1988-06-06','88888888',1,1),(40,'1012','E10ADC3949BA59ABBE56E057F20F883E','十二',0,'1998-11-11','88888888',1,1),(42,'2101','E10ADC3949BA59ABBE56E057F20F883E','雪雪',1,'1998-01-01','good',0,14),(43,'2500','E10ADC3949BA59ABBE56E057F20F883E','周科',0,'2019-01-02','666',0,2),(44,'2600','E10ADC3949BA59ABBE56E057F20F883E','xyz',0,'1998-01-30',NULL,0,1),(45,'2601','E10ADC3949BA59ABBE56E057F20F883E','yyy',0,'1998-01-30','hello',0,1),(46,'2016024200','E10ADC3949BA59ABBE56E057F20F883E','ojlku',0,'1998-01-30','hello',0,1),(47,'2016024201','E10ADC3949BA59ABBE56E057F20F883E','felqd',0,'1998-01-30','hello',0,1),(48,'2016024202','E10ADC3949BA59ABBE56E057F20F883E','xvpij',0,'1998-01-30','hello',0,1),(49,'2016024203','E10ADC3949BA59ABBE56E057F20F883E','nimho',0,'1998-01-30','hello',0,1),(50,'2016024204','E10ADC3949BA59ABBE56E057F20F883E','gmiah',0,'1998-01-30','hello',0,1),(51,'2016024205','E10ADC3949BA59ABBE56E057F20F883E','twwok',0,'1998-01-30','hello',0,1),(52,'2016024206','E10ADC3949BA59ABBE56E057F20F883E','nmqdl',0,'1998-01-30','hello',0,1),(53,'2016024207','E10ADC3949BA59ABBE56E057F20F883E','hwizf',0,'1998-01-30','hello',0,1),(54,'2016024208','E10ADC3949BA59ABBE56E057F20F883E','bpyzb',0,'1998-01-30','hello',0,1),(55,'2016024209','E10ADC3949BA59ABBE56E057F20F883E','yytzm',0,'1998-01-30','hello',0,1),(56,'2016024210','E10ADC3949BA59ABBE56E057F20F883E','cbfco',0,'1998-01-30','hello',0,1),(57,'2016024211','E10ADC3949BA59ABBE56E057F20F883E','icdfm',0,'1998-01-30','hello',0,1),(58,'2016024212','E10ADC3949BA59ABBE56E057F20F883E','tyqqx',0,'1998-01-30','hello',0,1),(59,'2016024213','E10ADC3949BA59ABBE56E057F20F883E','zfers',0,'1998-01-30','hello',0,1),(60,'2016024214','E10ADC3949BA59ABBE56E057F20F883E','zerre',0,'1998-01-30','hello',0,1),(61,'2016024215','E10ADC3949BA59ABBE56E057F20F883E','sphya',0,'1998-01-30','hello',0,1),(62,'2016024216','E10ADC3949BA59ABBE56E057F20F883E','bsssh',0,'1998-01-30','hello',0,1),(63,'2016024217','E10ADC3949BA59ABBE56E057F20F883E','tlyqm',0,'1998-01-30','hello',0,1),(64,'2016024218','E10ADC3949BA59ABBE56E057F20F883E','lwgdr',0,'1998-01-30','hello',0,1),(65,'2016024219','E10ADC3949BA59ABBE56E057F20F883E','kiedj',0,'1998-01-30','hello',0,1),(66,'2016024220','E10ADC3949BA59ABBE56E057F20F883E','bfock',0,'1998-01-30','hello',0,1),(67,'2016024221','E10ADC3949BA59ABBE56E057F20F883E','ujzby',0,'1998-01-30','hello',0,1),(68,'2016024222','E10ADC3949BA59ABBE56E057F20F883E','maqfe',0,'1998-01-30','hello',0,1),(69,'2016024223','E10ADC3949BA59ABBE56E057F20F883E','pjmzq',0,'1998-01-30','hello',0,1),(70,'2016024224','E10ADC3949BA59ABBE56E057F20F883E','azhqm',0,'1998-01-30','hello',0,1),(71,'2016024225','E10ADC3949BA59ABBE56E057F20F883E','blxct',0,'1998-01-30','hello',0,1),(72,'2016024226','E10ADC3949BA59ABBE56E057F20F883E','ydyfk',0,'1998-01-30','hello',0,1),(73,'2016024227','E10ADC3949BA59ABBE56E057F20F883E','zydux',0,'1998-01-30','hello',0,1),(74,'2016024228','E10ADC3949BA59ABBE56E057F20F883E','bxvml',0,'1998-01-30','hello',0,1),(75,'2016024229','E10ADC3949BA59ABBE56E057F20F883E','frobc',0,'1998-01-30','hello',0,1),(76,'2016024230','E10ADC3949BA59ABBE56E057F20F883E','mxsxu',0,'1998-01-30','hello',0,1),(77,'2016024231','E10ADC3949BA59ABBE56E057F20F883E','fxkwp',0,'1998-01-30','hello',0,1),(78,'2016024232','E10ADC3949BA59ABBE56E057F20F883E','hwclb',0,'1998-01-30','hello',0,1),(79,'2016024233','E10ADC3949BA59ABBE56E057F20F883E','vsfov',0,'1998-01-30','hello',0,1),(80,'2016024234','E10ADC3949BA59ABBE56E057F20F883E','aqinj',0,'1998-01-30','hello',0,1),(81,'2016024235','E10ADC3949BA59ABBE56E057F20F883E','xewfw',0,'1998-01-30','hello',0,1),(82,'2016024236','E10ADC3949BA59ABBE56E057F20F883E','xpvei',0,'1998-01-30','hello',0,1),(83,'2016024237','E10ADC3949BA59ABBE56E057F20F883E','quehq',0,'1998-01-30','hello',0,1),(84,'2016024238','E10ADC3949BA59ABBE56E057F20F883E','iwpva',0,'1998-01-30','hello',0,1),(85,'2016024239','E10ADC3949BA59ABBE56E057F20F883E','hnezd',0,'1998-01-30','hello',0,1),(86,'2016024240','E10ADC3949BA59ABBE56E057F20F883E','grcgl',0,'1998-01-30','hello',0,1),(87,'2016024241','E10ADC3949BA59ABBE56E057F20F883E','oyowz',0,'1998-01-30','hello',0,1),(88,'2016024242','E10ADC3949BA59ABBE56E057F20F883E','jyylo',0,'1998-01-30','hello',0,1),(89,'2016024243','E10ADC3949BA59ABBE56E057F20F883E','dahcb',0,'1998-01-30','hello',0,1),(90,'2016024244','E10ADC3949BA59ABBE56E057F20F883E','cnyiw',0,'1998-01-30','hello',0,1),(91,'2016024245','E10ADC3949BA59ABBE56E057F20F883E','rnvzb',0,'1998-01-30','hello',0,1),(92,'2016024246','E10ADC3949BA59ABBE56E057F20F883E','tghdh',0,'1998-01-30','hello',0,1),(93,'2016024247','E10ADC3949BA59ABBE56E057F20F883E','wgttb',0,'1998-01-30','hello',0,1),(94,'2016024248','E10ADC3949BA59ABBE56E057F20F883E','cmnob',0,'1998-01-30','hello',0,1),(95,'2016024249','E10ADC3949BA59ABBE56E057F20F883E','fecwr',0,'1998-01-30','hello',0,1),(96,'2016024250','E10ADC3949BA59ABBE56E057F20F883E','ethll',0,'1998-01-30','hello',0,1),(97,'2016024251','E10ADC3949BA59ABBE56E057F20F883E','xmjqm',0,'1998-01-30','hello',0,1),(98,'2016024252','E10ADC3949BA59ABBE56E057F20F883E','eyoiu',0,'1998-01-30','hello',0,1),(99,'2016024253','E10ADC3949BA59ABBE56E057F20F883E','bspzb',0,'1998-01-30','hello',0,1),(100,'2016024254','E10ADC3949BA59ABBE56E057F20F883E','fyzfg',0,'1998-01-30','hello',0,1),(101,'2016024255','E10ADC3949BA59ABBE56E057F20F883E','uqtzu',0,'1998-01-30','hello',0,1),(102,'2016024256','E10ADC3949BA59ABBE56E057F20F883E','pywpy',0,'1998-01-30','hello',0,1),(103,'2016024257','E10ADC3949BA59ABBE56E057F20F883E','kfaff',0,'1998-01-30','hello',0,1),(104,'2016024258','E10ADC3949BA59ABBE56E057F20F883E','rggzl',0,'1998-01-30','hello',0,1),(105,'2016024259','E10ADC3949BA59ABBE56E057F20F883E','znvyv',0,'1998-01-30','hello',0,1),(106,'2016024260','E10ADC3949BA59ABBE56E057F20F883E','stwvz',0,'1998-01-30','hello',0,1),(107,'2016024261','E10ADC3949BA59ABBE56E057F20F883E','ijupy',0,'1998-01-30','hello',0,1),(108,'2016024262','E10ADC3949BA59ABBE56E057F20F883E','yvdgn',0,'1998-01-30','hello',0,1),(109,'2016024263','E10ADC3949BA59ABBE56E057F20F883E','jxnrf',0,'1998-01-30','hello',0,1),(110,'2016024264','E10ADC3949BA59ABBE56E057F20F883E','ggtuh',0,'1998-01-30','hello',0,1),(111,'2016024265','E10ADC3949BA59ABBE56E057F20F883E','gnpxm',0,'1998-01-30','hello',0,1),(112,'2016024266','E10ADC3949BA59ABBE56E057F20F883E','qdopw',0,'1998-01-30','hello',0,1),(113,'2016024267','E10ADC3949BA59ABBE56E057F20F883E','xqoxo',0,'1998-01-30','hello',0,1),(114,'2016024268','E10ADC3949BA59ABBE56E057F20F883E','ehlzx',0,'1998-01-30','hello',0,1),(115,'2016024269','E10ADC3949BA59ABBE56E057F20F883E','kmest',0,'1998-01-30','hello',0,1),(116,'2016024270','E10ADC3949BA59ABBE56E057F20F883E','tedxf',0,'1998-01-30','hello',0,1),(117,'2016024271','E10ADC3949BA59ABBE56E057F20F883E','tdzxr',0,'1998-01-30','hello',0,1),(118,'2016024272','E10ADC3949BA59ABBE56E057F20F883E','dyntq',0,'1998-01-30','hello',0,1),(119,'2016024273','E10ADC3949BA59ABBE56E057F20F883E','hbljq',0,'1998-01-30','hello',0,1),(120,'2016024274','E10ADC3949BA59ABBE56E057F20F883E','nefvp',0,'1998-01-30','hello',0,1),(121,'2016024275','E10ADC3949BA59ABBE56E057F20F883E','fdqxl',0,'1998-01-30','hello',0,1),(122,'2016024276','E10ADC3949BA59ABBE56E057F20F883E','hgipv',0,'1998-01-30','hello',0,1),(123,'2016024277','E10ADC3949BA59ABBE56E057F20F883E','kahcl',0,'1998-01-30','hello',0,1),(124,'2016024278','E10ADC3949BA59ABBE56E057F20F883E','dhvnf',0,'1998-01-30','hello',0,1),(125,'2016024279','E10ADC3949BA59ABBE56E057F20F883E','gkybl',0,'1998-01-30','hello',0,1),(126,'2016024280','E10ADC3949BA59ABBE56E057F20F883E','dxgty',0,'1998-01-30','hello',0,1),(127,'2016024281','E10ADC3949BA59ABBE56E057F20F883E','hgjwf',0,'1998-01-30','hello',0,1),(128,'2016024282','E10ADC3949BA59ABBE56E057F20F883E','zooki',0,'1998-01-30','hello',0,1),(129,'2016024283','E10ADC3949BA59ABBE56E057F20F883E','orcaa',0,'1998-01-30','hello',0,1),(130,'2016024284','E10ADC3949BA59ABBE56E057F20F883E','bqhhc',0,'1998-01-30','hello',0,1),(131,'2016024285','E10ADC3949BA59ABBE56E057F20F883E','tqjfm',0,'1998-01-30','hello',0,1),(132,'2016024286','E10ADC3949BA59ABBE56E057F20F883E','nujlk',0,'1998-01-30','hello',0,1),(133,'2016024287','E10ADC3949BA59ABBE56E057F20F883E','jarce',0,'1998-01-30','hello',0,1),(134,'2016024288','E10ADC3949BA59ABBE56E057F20F883E','uknim',0,'1998-01-30','hello',0,1),(135,'2016024289','E10ADC3949BA59ABBE56E057F20F883E','tlsvh',0,'1998-01-30','hello',0,1),(136,'2016024290','E10ADC3949BA59ABBE56E057F20F883E','zjwbs',0,'1998-01-30','hello',0,1),(137,'2016024291','E10ADC3949BA59ABBE56E057F20F883E','nqzla',0,'1998-01-30','hello',0,1),(138,'2016024292','E10ADC3949BA59ABBE56E057F20F883E','bxgpl',0,'1998-01-30','hello',0,1),(139,'2016024293','E10ADC3949BA59ABBE56E057F20F883E','tpkcj',0,'1998-01-30','hello',0,1),(140,'2016024294','E10ADC3949BA59ABBE56E057F20F883E','qtbfs',0,'1998-01-30','hello',0,1),(141,'2016024295','E10ADC3949BA59ABBE56E057F20F883E','zksck',0,'1998-01-30','hello',0,1),(142,'2016024296','E10ADC3949BA59ABBE56E057F20F883E','rkaxz',0,'1998-01-30','hello',0,1),(143,'2016024297','E10ADC3949BA59ABBE56E057F20F883E','rdzph',0,'1998-01-30','hello',0,1),(144,'2016024298','E10ADC3949BA59ABBE56E057F20F883E','plpij',0,'1998-01-30','hello',0,1),(145,'2016024299','E10ADC3949BA59ABBE56E057F20F883E','zxgoo',0,'1998-01-30','hello',0,1),(146,'2016024300','E10ADC3949BA59ABBE56E057F20F883E','bxdtm',0,'1998-01-30','hello',0,1),(147,'2016024301','E10ADC3949BA59ABBE56E057F20F883E','uunha',0,'1998-01-30','hello',0,1),(148,'2016024302','E10ADC3949BA59ABBE56E057F20F883E','fkken',0,'1998-01-30','hello',0,1),(149,'2016024303','E10ADC3949BA59ABBE56E057F20F883E','lelwx',0,'1998-01-30','hello',0,1),(150,'2016024304','E10ADC3949BA59ABBE56E057F20F883E','jzpkq',0,'1998-01-30','hello',0,1),(151,'2016024305','E10ADC3949BA59ABBE56E057F20F883E','qofzr',0,'1998-01-30','hello',0,1),(152,'2016024306','E10ADC3949BA59ABBE56E057F20F883E','ivnqc',0,'1998-01-30','hello',0,1),(153,'2016024307','E10ADC3949BA59ABBE56E057F20F883E','mwokg',0,'1998-01-30','hello',0,1),(154,'2016024308','E10ADC3949BA59ABBE56E057F20F883E','peuho',0,'1998-01-30','hello',0,1),(155,'2016024309','E10ADC3949BA59ABBE56E057F20F883E','kdmaq',0,'1998-01-30','hello',0,1),(156,'2016024310','E10ADC3949BA59ABBE56E057F20F883E','myspd',0,'1998-01-30','hello',0,1),(157,'2016024311','E10ADC3949BA59ABBE56E057F20F883E','cynbg',0,'1998-01-30','hello',0,1),(158,'2016024312','E10ADC3949BA59ABBE56E057F20F883E','nltpp',0,'1998-01-30','hello',0,1),(159,'2016024313','E10ADC3949BA59ABBE56E057F20F883E','mdxgr',0,'1998-01-30','hello',0,1),(160,'2016024314','E10ADC3949BA59ABBE56E057F20F883E','ptggt',0,'1998-01-30','hello',0,1),(161,'2016024315','E10ADC3949BA59ABBE56E057F20F883E','dhjdk',0,'1998-01-30','hello',0,1),(162,'2016024316','E10ADC3949BA59ABBE56E057F20F883E','xezet',0,'1998-01-30','hello',0,1),(163,'2016024317','E10ADC3949BA59ABBE56E057F20F883E','jnjrr',0,'1998-01-30','hello',0,1),(164,'2016024318','E10ADC3949BA59ABBE56E057F20F883E','nndaz',0,'1998-01-30','hello',0,1),(165,'2016024319','E10ADC3949BA59ABBE56E057F20F883E','uxrbo',0,'1998-01-30','hello',0,1),(166,'2016024320','E10ADC3949BA59ABBE56E057F20F883E','wgebi',0,'1998-01-30','hello',0,1),(167,'2016024321','E10ADC3949BA59ABBE56E057F20F883E','krsqb',0,'1998-01-30','hello',0,1),(168,'2016024322','E10ADC3949BA59ABBE56E057F20F883E','euwes',0,'1998-01-30','hello',0,1),(169,'2016024323','E10ADC3949BA59ABBE56E057F20F883E','pdwor',0,'1998-01-30','hello',0,1),(170,'2016024324','E10ADC3949BA59ABBE56E057F20F883E','dmvoe',0,'1998-01-30','hello',0,1),(171,'2016024325','E10ADC3949BA59ABBE56E057F20F883E','hqmje',0,'1998-01-30','hello',0,1),(172,'2016024326','E10ADC3949BA59ABBE56E057F20F883E','nuccf',0,'1998-01-30','hello',0,1),(173,'2016024327','E10ADC3949BA59ABBE56E057F20F883E','tbisa',0,'1998-01-30','hello',0,1),(174,'2016024328','E10ADC3949BA59ABBE56E057F20F883E','chlaf',0,'1998-01-30','hello',0,1),(175,'2016024329','E10ADC3949BA59ABBE56E057F20F883E','swtvm',0,'1998-01-30','hello',0,1),(176,'2016024330','E10ADC3949BA59ABBE56E057F20F883E','owtox',0,'1998-01-30','hello',0,1),(177,'2016024331','E10ADC3949BA59ABBE56E057F20F883E','ohclz',0,'1998-01-30','hello',0,1),(178,'2016024332','E10ADC3949BA59ABBE56E057F20F883E','xwmrj',0,'1998-01-30','hello',0,1),(179,'2016024333','E10ADC3949BA59ABBE56E057F20F883E','efkad',0,'1998-01-30','hello',0,1),(180,'2016024334','E10ADC3949BA59ABBE56E057F20F883E','fjtca',0,'1998-01-30','hello',0,1),(181,'2016024335','E10ADC3949BA59ABBE56E057F20F883E','ffzde',0,'1998-01-30','hello',0,1),(182,'2016024336','E10ADC3949BA59ABBE56E057F20F883E','xaklh',0,'1998-01-30','hello',0,1),(183,'2016024337','E10ADC3949BA59ABBE56E057F20F883E','letcx',0,'1998-01-30','hello',0,1),(184,'2016024338','E10ADC3949BA59ABBE56E057F20F883E','owxik',0,'1998-01-30','hello',0,1),(185,'2016024339','E10ADC3949BA59ABBE56E057F20F883E','sjkzt',0,'1998-01-30','hello',0,1),(186,'2016024340','E10ADC3949BA59ABBE56E057F20F883E','faxzt',0,'1998-01-30','hello',0,1),(187,'2016024341','E10ADC3949BA59ABBE56E057F20F883E','jhqlm',0,'1998-01-30','hello',0,1),(188,'2016024342','E10ADC3949BA59ABBE56E057F20F883E','glaie',0,'1998-01-30','hello',0,1),(189,'2016024343','E10ADC3949BA59ABBE56E057F20F883E','kcdoi',0,'1998-01-30','hello',0,1),(190,'2016024344','E10ADC3949BA59ABBE56E057F20F883E','sgbss',0,'1998-01-30','hello',0,1),(191,'2016024345','E10ADC3949BA59ABBE56E057F20F883E','hgaea',0,'1998-01-30','hello',0,1),(192,'2016024346','E10ADC3949BA59ABBE56E057F20F883E','bfttz',0,'1998-01-30','hello',0,1),(193,'2016024347','E10ADC3949BA59ABBE56E057F20F883E','orqhl',0,'1998-01-30','hello',0,1),(194,'2016024348','E10ADC3949BA59ABBE56E057F20F883E','jmtin',0,'1998-01-30','hello',0,1),(195,'2016024349','E10ADC3949BA59ABBE56E057F20F883E','rddhl',0,'1998-01-30','hello',0,1),(196,'2016024350','E10ADC3949BA59ABBE56E057F20F883E','zxthz',0,'1998-01-30','hello',0,1),(197,'2016024351','E10ADC3949BA59ABBE56E057F20F883E','qjdhf',0,'1998-01-30','hello',0,1),(198,'2016024352','E10ADC3949BA59ABBE56E057F20F883E','mwliw',0,'1998-01-30','hello',0,1),(199,'2016024353','E10ADC3949BA59ABBE56E057F20F883E','fuxxo',0,'1998-01-30','hello',0,1),(200,'2016024354','E10ADC3949BA59ABBE56E057F20F883E','qymqp',0,'1998-01-30','hello',0,1),(201,'2016024355','E10ADC3949BA59ABBE56E057F20F883E','quvvs',0,'1998-01-30','hello',0,1),(202,'2016024356','E10ADC3949BA59ABBE56E057F20F883E','awtfr',0,'1998-01-30','hello',0,1),(203,'2016024357','E10ADC3949BA59ABBE56E057F20F883E','nkqio',0,'1998-01-30','hello',0,1),(204,'2016024358','E10ADC3949BA59ABBE56E057F20F883E','ifwiq',0,'1998-01-30','hello',0,1),(205,'2016024359','E10ADC3949BA59ABBE56E057F20F883E','bsvit',0,'1998-01-30','hello',0,1),(206,'2016024360','E10ADC3949BA59ABBE56E057F20F883E','fvezs',0,'1998-01-30','hello',0,1),(207,'2016024361','E10ADC3949BA59ABBE56E057F20F883E','ziugi',0,'1998-01-30','hello',0,1),(208,'2016024362','E10ADC3949BA59ABBE56E057F20F883E','jdwys',0,'1998-01-30','hello',0,1),(209,'2016024363','E10ADC3949BA59ABBE56E057F20F883E','jdzuc',0,'1998-01-30','hello',0,1),(210,'2016024364','E10ADC3949BA59ABBE56E057F20F883E','adfih',0,'1998-01-30','hello',0,1),(211,'2016024365','E10ADC3949BA59ABBE56E057F20F883E','lbwgo',0,'1998-01-30','hello',0,1),(212,'2016024366','E10ADC3949BA59ABBE56E057F20F883E','qaykt',0,'1998-01-30','hello',0,1),(213,'2016024367','E10ADC3949BA59ABBE56E057F20F883E','avxnj',0,'1998-01-30','hello',0,1),(214,'2016024368','E10ADC3949BA59ABBE56E057F20F883E','sxczh',0,'1998-01-30','hello',0,1),(215,'2016024369','E10ADC3949BA59ABBE56E057F20F883E','acodf',0,'1998-01-30','hello',0,1),(216,'2016024370','E10ADC3949BA59ABBE56E057F20F883E','uqius',0,'1998-01-30','hello',0,1),(217,'2016024371','E10ADC3949BA59ABBE56E057F20F883E','nkgjs',0,'1998-01-30','hello',0,1),(218,'2016024372','E10ADC3949BA59ABBE56E057F20F883E','hsqup',0,'1998-01-30','hello',0,1),(219,'2016024373','E10ADC3949BA59ABBE56E057F20F883E','zmokm',0,'1998-01-30','hello',0,1),(220,'2016024374','E10ADC3949BA59ABBE56E057F20F883E','tgzkc',0,'1998-01-30','hello',0,1),(221,'2016024375','E10ADC3949BA59ABBE56E057F20F883E','jmwdc',0,'1998-01-30','hello',0,1),(222,'2016024376','E10ADC3949BA59ABBE56E057F20F883E','nwevo',0,'1998-01-30','hello',0,1),(223,'2016024377','E10ADC3949BA59ABBE56E057F20F883E','wlunn',0,'1998-01-30','hello',0,1),(224,'2016024378','E10ADC3949BA59ABBE56E057F20F883E','dgfdw',0,'1998-01-30','hello',0,1),(225,'2016024379','E10ADC3949BA59ABBE56E057F20F883E','wdaqq',0,'1998-01-30','hello',0,1),(226,'2016024380','E10ADC3949BA59ABBE56E057F20F883E','ayuim',0,'1998-01-30','hello',0,1),(227,'2016024381','E10ADC3949BA59ABBE56E057F20F883E','gaclj',0,'1998-01-30','hello',0,1),(228,'2016024382','E10ADC3949BA59ABBE56E057F20F883E','lztmm',0,'1998-01-30','hello',0,1),(229,'2016024383','E10ADC3949BA59ABBE56E057F20F883E','odxyi',0,'1998-01-30','hello',0,1),(230,'2016024384','E10ADC3949BA59ABBE56E057F20F883E','qvrgm',0,'1998-01-30','hello',0,1),(231,'2016024385','E10ADC3949BA59ABBE56E057F20F883E','qzuvr',0,'1998-01-30','hello',0,1),(232,'2016024386','E10ADC3949BA59ABBE56E057F20F883E','zsjbi',0,'1998-01-30','hello',0,1),(233,'2016024387','E10ADC3949BA59ABBE56E057F20F883E','lnmlu',0,'1998-01-30','hello',0,1),(234,'2016024388','E10ADC3949BA59ABBE56E057F20F883E','qpraf',0,'1998-01-30','hello',0,1),(235,'2016024389','E10ADC3949BA59ABBE56E057F20F883E','ptjfb',0,'1998-01-30','hello',0,1),(236,'2016024390','E10ADC3949BA59ABBE56E057F20F883E','rzgbr',0,'1998-01-30','hello',0,1),(237,'2016024391','E10ADC3949BA59ABBE56E057F20F883E','kiblw',0,'1998-01-30','hello',0,1),(238,'2016024392','E10ADC3949BA59ABBE56E057F20F883E','hxxzx',0,'1998-01-30','hello',0,1),(239,'2016024393','E10ADC3949BA59ABBE56E057F20F883E','icwju',0,'1998-01-30','hello',0,1),(240,'2016024394','E10ADC3949BA59ABBE56E057F20F883E','krwyt',0,'1998-01-30','hello',0,1),(241,'2016024395','E10ADC3949BA59ABBE56E057F20F883E','sikbn',0,'1998-01-30','hello',0,1),(242,'2016024396','E10ADC3949BA59ABBE56E057F20F883E','zsnqv',0,'1998-01-30','hello',0,1),(243,'2016024397','E10ADC3949BA59ABBE56E057F20F883E','psoeh',0,'1998-01-30','hello',0,1),(244,'2016024398','E10ADC3949BA59ABBE56E057F20F883E','ublvq',0,'1998-01-30','hello',0,1),(245,'2016024399','E10ADC3949BA59ABBE56E057F20F883E','usbhp',0,'1998-01-30','hello',0,1),(246,'2016024400','E10ADC3949BA59ABBE56E057F20F883E','rxzmw',0,'1998-01-30','hello',0,1),(247,'2016024401','E10ADC3949BA59ABBE56E057F20F883E','ojzdl',0,'1998-01-30','hello',0,1),(248,'2016024402','E10ADC3949BA59ABBE56E057F20F883E','zpsqk',0,'1998-01-30','hello',0,1),(249,'2016024403','E10ADC3949BA59ABBE56E057F20F883E','qolxd',0,'1998-01-30','hello',0,1),(250,'2016024404','E10ADC3949BA59ABBE56E057F20F883E','ocygg',0,'1998-01-30','hello',0,1),(251,'2016024405','E10ADC3949BA59ABBE56E057F20F883E','hgnhr',0,'1998-01-30','hello',0,1),(252,'2016024406','E10ADC3949BA59ABBE56E057F20F883E','lpmut',0,'1998-01-30','hello',0,1),(253,'2016024407','E10ADC3949BA59ABBE56E057F20F883E','eqnjt',0,'1998-01-30','hello',0,1),(254,'2016024408','E10ADC3949BA59ABBE56E057F20F883E','urveq',0,'1998-01-30','hello',0,1),(255,'2016024409','E10ADC3949BA59ABBE56E057F20F883E','dbnhp',0,'1998-01-30','hello',0,1),(256,'2016024410','E10ADC3949BA59ABBE56E057F20F883E','gzccu',0,'1998-01-30','hello',0,1),(257,'2016024411','E10ADC3949BA59ABBE56E057F20F883E','iiyuc',0,'1998-01-30','hello',0,1),(258,'2016024412','E10ADC3949BA59ABBE56E057F20F883E','ohgtb',0,'1998-01-30','hello',0,1),(259,'2016024413','E10ADC3949BA59ABBE56E057F20F883E','iptnz',0,'1998-01-30','hello',0,1),(260,'2016024414','E10ADC3949BA59ABBE56E057F20F883E','qwwvw',0,'1998-01-30','hello',0,1),(261,'2016024415','E10ADC3949BA59ABBE56E057F20F883E','ffzoq',0,'1998-01-30','hello',0,1),(262,'2016024416','E10ADC3949BA59ABBE56E057F20F883E','dvccv',0,'1998-01-30','hello',0,1),(263,'2016024417','E10ADC3949BA59ABBE56E057F20F883E','pphso',0,'1998-01-30','hello',0,1),(264,'2016024418','E10ADC3949BA59ABBE56E057F20F883E','pxfew',0,'1998-01-30','hello',0,1),(265,'2016024419','E10ADC3949BA59ABBE56E057F20F883E','yhmht',0,'1998-01-30','hello',0,1),(266,'2016024420','E10ADC3949BA59ABBE56E057F20F883E','ngvbb',0,'1998-01-30','hello',0,1),(267,'2016024421','E10ADC3949BA59ABBE56E057F20F883E','bzheh',0,'1998-01-30','hello',0,1),(268,'2016024422','E10ADC3949BA59ABBE56E057F20F883E','dfslu',0,'1998-01-30','hello',0,1),(269,'2016024423','E10ADC3949BA59ABBE56E057F20F883E','defla',0,'1998-01-30','hello',0,1),(270,'2016024424','E10ADC3949BA59ABBE56E057F20F883E','nciml',0,'1998-01-30','hello',0,1),(271,'2016024425','E10ADC3949BA59ABBE56E057F20F883E','zynqz',0,'1998-01-30','hello',0,1),(272,'2016024426','E10ADC3949BA59ABBE56E057F20F883E','bdrvy',0,'1998-01-30','hello',0,1),(273,'2016024427','E10ADC3949BA59ABBE56E057F20F883E','dxuwm',0,'1998-01-30','hello',0,1),(274,'2016024428','E10ADC3949BA59ABBE56E057F20F883E','iczfy',0,'1998-01-30','hello',0,1),(275,'2016024429','E10ADC3949BA59ABBE56E057F20F883E','jtlrb',0,'1998-01-30','hello',0,1),(276,'2016024430','E10ADC3949BA59ABBE56E057F20F883E','dyaum',0,'1998-01-30','hello',0,1),(277,'2016024431','E10ADC3949BA59ABBE56E057F20F883E','fiedb',0,'1998-01-30','hello',0,1),(278,'2016024432','E10ADC3949BA59ABBE56E057F20F883E','xtdyf',0,'1998-01-30','hello',0,1),(279,'2016024433','E10ADC3949BA59ABBE56E057F20F883E','beiax',0,'1998-01-30','hello',0,1),(280,'2016024434','E10ADC3949BA59ABBE56E057F20F883E','zktox',0,'1998-01-30','hello',0,1),(281,'2016024435','E10ADC3949BA59ABBE56E057F20F883E','xrxsf',0,'1998-01-30','hello',0,1),(282,'2016024436','E10ADC3949BA59ABBE56E057F20F883E','snfax',0,'1998-01-30','hello',0,1),(283,'2016024437','E10ADC3949BA59ABBE56E057F20F883E','jywbl',0,'1998-01-30','hello',0,1),(284,'2016024438','E10ADC3949BA59ABBE56E057F20F883E','pruqg',0,'1998-01-30','hello',0,1),(285,'2016024439','E10ADC3949BA59ABBE56E057F20F883E','huigc',0,'1998-01-30','hello',0,1),(286,'2016024440','E10ADC3949BA59ABBE56E057F20F883E','tggya',0,'1998-01-30','hello',0,1),(287,'2016024441','E10ADC3949BA59ABBE56E057F20F883E','lqjer',0,'1998-01-30','hello',0,1),(288,'2016024442','E10ADC3949BA59ABBE56E057F20F883E','fzdhy',0,'1998-01-30','hello',0,1),(289,'2016024443','E10ADC3949BA59ABBE56E057F20F883E','kpzkt',0,'1998-01-30','hello',0,1),(290,'2016024444','E10ADC3949BA59ABBE56E057F20F883E','cnzab',0,'1998-01-30','hello',0,1),(291,'2016024445','E10ADC3949BA59ABBE56E057F20F883E','gktwg',0,'1998-01-30','hello',0,1),(292,'2016024446','E10ADC3949BA59ABBE56E057F20F883E','xgpwp',0,'1998-01-30','hello',0,1),(293,'2016024447','E10ADC3949BA59ABBE56E057F20F883E','yniwp',0,'1998-01-30','hello',0,1),(294,'2016024448','E10ADC3949BA59ABBE56E057F20F883E','odpxy',0,'1998-01-30','hello',0,1),(295,'2016024449','E10ADC3949BA59ABBE56E057F20F883E','zjscd',0,'1998-01-30','hello',0,1),(296,'2016024450','E10ADC3949BA59ABBE56E057F20F883E','ukbai',0,'1998-01-30','hello',0,1),(297,'2016024451','E10ADC3949BA59ABBE56E057F20F883E','msxgc',0,'1998-01-30','hello',0,1),(298,'2016024452','E10ADC3949BA59ABBE56E057F20F883E','amdcs',0,'1998-01-30','hello',0,1),(299,'2016024453','E10ADC3949BA59ABBE56E057F20F883E','oqpeb',0,'1998-01-30','hello',0,1),(300,'2016024454','E10ADC3949BA59ABBE56E057F20F883E','zehqf',0,'1998-01-30','hello',0,1),(301,'2016024455','E10ADC3949BA59ABBE56E057F20F883E','iwkye',0,'1998-01-30','hello',0,1),(302,'2016024456','E10ADC3949BA59ABBE56E057F20F883E','lcube',0,'1998-01-30','hello',0,1),(303,'2016024457','E10ADC3949BA59ABBE56E057F20F883E','wfvyn',0,'1998-01-30','hello',0,1),(304,'2016024458','E10ADC3949BA59ABBE56E057F20F883E','sbhvl',0,'1998-01-30','hello',0,1),(305,'2016024459','E10ADC3949BA59ABBE56E057F20F883E','ejjis',0,'1998-01-30','hello',0,1),(306,'2016024460','E10ADC3949BA59ABBE56E057F20F883E','iprci',0,'1998-01-30','hello',0,1),(307,'2016024461','E10ADC3949BA59ABBE56E057F20F883E','avdoo',0,'1998-01-30','hello',0,1),(308,'2016024462','E10ADC3949BA59ABBE56E057F20F883E','waopb',0,'1998-01-30','hello',0,1),(309,'2016024463','E10ADC3949BA59ABBE56E057F20F883E','fbnjg',0,'1998-01-30','hello',0,1),(310,'2016024464','E10ADC3949BA59ABBE56E057F20F883E','aijup',0,'1998-01-30','hello',0,1),(311,'2016024465','E10ADC3949BA59ABBE56E057F20F883E','vcvac',0,'1998-01-30','hello',0,1),(312,'2016024466','E10ADC3949BA59ABBE56E057F20F883E','amutp',0,'1998-01-30','hello',0,1),(313,'2016024467','E10ADC3949BA59ABBE56E057F20F883E','hmnvr',0,'1998-01-30','hello',0,1),(314,'2016024468','E10ADC3949BA59ABBE56E057F20F883E','ggmnh',0,'1998-01-30','hello',0,1),(315,'2016024469','E10ADC3949BA59ABBE56E057F20F883E','upjbw',0,'1998-01-30','hello',0,1),(316,'2016024470','E10ADC3949BA59ABBE56E057F20F883E','cxljp',0,'1998-01-30','hello',0,1),(317,'2016024471','E10ADC3949BA59ABBE56E057F20F883E','xmsvx',0,'1998-01-30','hello',0,1),(318,'2016024472','E10ADC3949BA59ABBE56E057F20F883E','czmjb',0,'1998-01-30','hello',0,1),(319,'2016024473','E10ADC3949BA59ABBE56E057F20F883E','qyfxr',0,'1998-01-30','hello',0,1),(320,'2016024474','E10ADC3949BA59ABBE56E057F20F883E','hzjup',0,'1998-01-30','hello',0,1),(321,'2016024475','E10ADC3949BA59ABBE56E057F20F883E','pkkrp',0,'1998-01-30','hello',0,1),(322,'2016024476','E10ADC3949BA59ABBE56E057F20F883E','zjoxa',0,'1998-01-30','hello',0,1),(323,'2016024477','E10ADC3949BA59ABBE56E057F20F883E','axgvz',0,'1998-01-30','hello',0,1),(324,'2016024478','E10ADC3949BA59ABBE56E057F20F883E','qhvpk',0,'1998-01-30','hello',0,1),(325,'2016024479','E10ADC3949BA59ABBE56E057F20F883E','lvwxv',0,'1998-01-30','hello',0,1),(326,'2016024480','E10ADC3949BA59ABBE56E057F20F883E','zbvhi',0,'1998-01-30','hello',0,1),(327,'2016024481','E10ADC3949BA59ABBE56E057F20F883E','lvaok',0,'1998-01-30','hello',0,1),(328,'2016024482','E10ADC3949BA59ABBE56E057F20F883E','qyvwc',0,'1998-01-30','hello',0,1),(329,'2016024483','E10ADC3949BA59ABBE56E057F20F883E','ludxv',0,'1998-01-30','hello',0,1),(330,'2016024484','E10ADC3949BA59ABBE56E057F20F883E','pccdo',0,'1998-01-30','hello',0,1),(331,'2016024485','E10ADC3949BA59ABBE56E057F20F883E','uraza',0,'1998-01-30','hello',0,1),(332,'2016024486','E10ADC3949BA59ABBE56E057F20F883E','gfigy',0,'1998-01-30','hello',0,1),(333,'2016024487','E10ADC3949BA59ABBE56E057F20F883E','udpmt',0,'1998-01-30','hello',0,1),(334,'2016024488','E10ADC3949BA59ABBE56E057F20F883E','zvzbq',0,'1998-01-30','hello',0,1),(335,'2016024489','E10ADC3949BA59ABBE56E057F20F883E','spado',0,'1998-01-30','hello',0,1),(336,'2016024490','E10ADC3949BA59ABBE56E057F20F883E','bgmci',0,'1998-01-30','hello',0,1),(337,'2016024491','E10ADC3949BA59ABBE56E057F20F883E','ndvjv',0,'1998-01-30','hello',0,1),(338,'2016024492','E10ADC3949BA59ABBE56E057F20F883E','ihhil',0,'1998-01-30','hello',0,1),(339,'2016024493','E10ADC3949BA59ABBE56E057F20F883E','rofsc',0,'1998-01-30','hello',0,1),(340,'2016024494','E10ADC3949BA59ABBE56E057F20F883E','suklu',0,'1998-01-30','hello',0,1),(341,'2016024495','E10ADC3949BA59ABBE56E057F20F883E','ytrxg',0,'1998-01-30','hello',0,1),(342,'2016024496','E10ADC3949BA59ABBE56E057F20F883E','wqjis',0,'1998-01-30','hello',0,1),(343,'2016024497','E10ADC3949BA59ABBE56E057F20F883E','pfubq',0,'1998-01-30','hello',0,1),(344,'2016024498','E10ADC3949BA59ABBE56E057F20F883E','hrnrh',0,'1998-01-30','hello',0,1),(345,'2016024499','E10ADC3949BA59ABBE56E057F20F883E','jjiqk',0,'1998-01-30','hello',0,1),(346,'2016024500','E10ADC3949BA59ABBE56E057F20F883E','weijk',0,'1998-01-30','hello',0,1),(347,'2016024501','E10ADC3949BA59ABBE56E057F20F883E','juvba',0,'1998-01-30','hello',0,1),(348,'2016024502','E10ADC3949BA59ABBE56E057F20F883E','byldw',0,'1998-01-30','hello',0,1),(349,'2016024503','E10ADC3949BA59ABBE56E057F20F883E','ltykq',0,'1998-01-30','hello',0,1),(350,'2016024504','E10ADC3949BA59ABBE56E057F20F883E','zrsnm',0,'1998-01-30','hello',0,1),(351,'2016024505','E10ADC3949BA59ABBE56E057F20F883E','flyrc',0,'1998-01-30','hello',0,1),(352,'2016024506','E10ADC3949BA59ABBE56E057F20F883E','vhcey',0,'1998-01-30','hello',0,1),(353,'2016024507','E10ADC3949BA59ABBE56E057F20F883E','plnue',0,'1998-01-30','hello',0,1),(354,'2016024508','E10ADC3949BA59ABBE56E057F20F883E','ajsjl',0,'1998-01-30','hello',0,1),(355,'2016024509','E10ADC3949BA59ABBE56E057F20F883E','dusnm',0,'1998-01-30','hello',0,1),(356,'2016024510','E10ADC3949BA59ABBE56E057F20F883E','nlpyj',0,'1998-01-30','hello',0,1),(357,'2016024511','E10ADC3949BA59ABBE56E057F20F883E','avisk',0,'1998-01-30','hello',0,1),(358,'2016024512','E10ADC3949BA59ABBE56E057F20F883E','vupxp',0,'1998-01-30','hello',0,1),(359,'2016024513','E10ADC3949BA59ABBE56E057F20F883E','cmfat',0,'1998-01-30','hello',0,1),(360,'2016024514','E10ADC3949BA59ABBE56E057F20F883E','behaw',0,'1998-01-30','hello',0,1),(361,'2016024515','E10ADC3949BA59ABBE56E057F20F883E','oolfs',0,'1998-01-30','hello',0,1),(362,'2016024516','E10ADC3949BA59ABBE56E057F20F883E','wiajq',0,'1998-01-30','hello',0,1),(363,'2016024517','E10ADC3949BA59ABBE56E057F20F883E','tsfuz',0,'1998-01-30','hello',0,1),(364,'2016024518','E10ADC3949BA59ABBE56E057F20F883E','vxmzr',0,'1998-01-30','hello',0,1),(365,'2016024519','E10ADC3949BA59ABBE56E057F20F883E','prhfq',0,'1998-01-30','hello',0,1),(366,'2016024520','E10ADC3949BA59ABBE56E057F20F883E','jdxkj',0,'1998-01-30','hello',0,1),(367,'2016024521','E10ADC3949BA59ABBE56E057F20F883E','emqgg',0,'1998-01-30','hello',0,1),(368,'2016024522','E10ADC3949BA59ABBE56E057F20F883E','qnhbc',0,'1998-01-30','hello',0,1),(369,'2016024523','E10ADC3949BA59ABBE56E057F20F883E','zqyfa',0,'1998-01-30','hello',0,1),(370,'2016024524','E10ADC3949BA59ABBE56E057F20F883E','usrih',0,'1998-01-30','hello',0,1),(371,'2016024525','E10ADC3949BA59ABBE56E057F20F883E','krzdn',0,'1998-01-30','hello',0,1),(372,'2016024526','E10ADC3949BA59ABBE56E057F20F883E','eedqe',0,'1998-01-30','hello',0,1),(373,'2016024527','E10ADC3949BA59ABBE56E057F20F883E','vsfwf',0,'1998-01-30','hello',0,1),(374,'2016024528','E10ADC3949BA59ABBE56E057F20F883E','kmeqr',0,'1998-01-30','hello',0,1),(375,'2016024529','E10ADC3949BA59ABBE56E057F20F883E','isxwm',0,'1998-01-30','hello',0,1),(376,'2016024530','E10ADC3949BA59ABBE56E057F20F883E','medlj',0,'1998-01-30','hello',0,1),(377,'2016024531','E10ADC3949BA59ABBE56E057F20F883E','sizss',0,'1998-01-30','hello',0,1),(378,'2016024532','E10ADC3949BA59ABBE56E057F20F883E','vnged',0,'1998-01-30','hello',0,1),(379,'2016024533','E10ADC3949BA59ABBE56E057F20F883E','xklvs',0,'1998-01-30','hello',0,1),(380,'2016024534','E10ADC3949BA59ABBE56E057F20F883E','qyxud',0,'1998-01-30','hello',0,1),(381,'2016024535','E10ADC3949BA59ABBE56E057F20F883E','crhyu',0,'1998-01-30','hello',0,1),(382,'2016024536','E10ADC3949BA59ABBE56E057F20F883E','dgwuz',0,'1998-01-30','hello',0,1),(383,'2016024537','E10ADC3949BA59ABBE56E057F20F883E','roxbk',0,'1998-01-30','hello',0,1),(384,'2016024538','E10ADC3949BA59ABBE56E057F20F883E','yzwxm',0,'1998-01-30','hello',0,1),(385,'2016024539','E10ADC3949BA59ABBE56E057F20F883E','nuttk',0,'1998-01-30','hello',0,1),(386,'2016024540','E10ADC3949BA59ABBE56E057F20F883E','dpjtg',0,'1998-01-30','hello',0,1),(387,'2016024541','E10ADC3949BA59ABBE56E057F20F883E','nbadt',0,'1998-01-30','hello',0,1),(388,'2016024542','E10ADC3949BA59ABBE56E057F20F883E','hqhfy',0,'1998-01-30','hello',0,1),(389,'2016024543','E10ADC3949BA59ABBE56E057F20F883E','myknh',0,'1998-01-30','hello',0,1),(390,'2016024544','E10ADC3949BA59ABBE56E057F20F883E','ilzgf',0,'1998-01-30','hello',0,1),(391,'2016024545','E10ADC3949BA59ABBE56E057F20F883E','kmxul',0,'1998-01-30','hello',0,1),(392,'2016024546','E10ADC3949BA59ABBE56E057F20F883E','hjwwh',0,'1998-01-30','hello',0,1),(393,'2016024547','E10ADC3949BA59ABBE56E057F20F883E','vmknl',0,'1998-01-30','hello',0,1),(394,'2016024548','E10ADC3949BA59ABBE56E057F20F883E','cucfk',0,'1998-01-30','hello',0,1),(395,'2016024549','E10ADC3949BA59ABBE56E057F20F883E','clqad',0,'1998-01-30','hello',0,1),(396,'2016024550','E10ADC3949BA59ABBE56E057F20F883E','iharo',0,'1998-01-30','hello',0,1),(397,'2016024551','E10ADC3949BA59ABBE56E057F20F883E','jlusc',0,'1998-01-30','hello',0,1),(398,'2016024552','E10ADC3949BA59ABBE56E057F20F883E','xrxww',0,'1998-01-30','hello',0,1),(399,'2016024553','E10ADC3949BA59ABBE56E057F20F883E','gyzgf',0,'1998-01-30','hello',0,1),(400,'2016024554','E10ADC3949BA59ABBE56E057F20F883E','gkmki',0,'1998-01-30','hello',0,1),(401,'2016024555','E10ADC3949BA59ABBE56E057F20F883E','varwh',0,'1998-01-30','hello',0,1),(402,'2016024556','E10ADC3949BA59ABBE56E057F20F883E','qojdg',0,'1998-01-30','hello',0,1),(403,'2016024557','E10ADC3949BA59ABBE56E057F20F883E','aulvj',0,'1998-01-30','hello',0,1),(404,'2016024558','E10ADC3949BA59ABBE56E057F20F883E','axatx',0,'1998-01-30','hello',0,1),(405,'2016024559','E10ADC3949BA59ABBE56E057F20F883E','cgmuo',0,'1998-01-30','hello',0,1),(406,'2016024560','E10ADC3949BA59ABBE56E057F20F883E','dfbox',0,'1998-01-30','hello',0,1),(407,'2016024561','E10ADC3949BA59ABBE56E057F20F883E','wbxjx',0,'1998-01-30','hello',0,1),(408,'2016024562','E10ADC3949BA59ABBE56E057F20F883E','hunye',0,'1998-01-30','hello',0,1),(409,'2016024563','E10ADC3949BA59ABBE56E057F20F883E','gqjqw',0,'1998-01-30','hello',0,1),(410,'2016024564','E10ADC3949BA59ABBE56E057F20F883E','qbvsf',0,'1998-01-30','hello',0,1),(411,'2016024565','E10ADC3949BA59ABBE56E057F20F883E','wzcdb',0,'1998-01-30','hello',0,1),(412,'2016024566','E10ADC3949BA59ABBE56E057F20F883E','xbitg',0,'1998-01-30','hello',0,1),(413,'2016024567','E10ADC3949BA59ABBE56E057F20F883E','fwgcj',0,'1998-01-30','hello',0,1),(414,'2016024568','E10ADC3949BA59ABBE56E057F20F883E','xqgkm',0,'1998-01-30','hello',0,1),(415,'2016024569','E10ADC3949BA59ABBE56E057F20F883E','kaspd',0,'1998-01-30','hello',0,1),(416,'2016024570','E10ADC3949BA59ABBE56E057F20F883E','farku',0,'1998-01-30','hello',0,1),(417,'2016024571','E10ADC3949BA59ABBE56E057F20F883E','ilexw',0,'1998-01-30','hello',0,1),(418,'2016024572','E10ADC3949BA59ABBE56E057F20F883E','iiqqz',0,'1998-01-30','hello',0,1),(419,'2016024573','E10ADC3949BA59ABBE56E057F20F883E','nvjdj',0,'1998-01-30','hello',0,1),(420,'2016024574','E10ADC3949BA59ABBE56E057F20F883E','npdoo',0,'1998-01-30','hello',0,1),(421,'2016024575','E10ADC3949BA59ABBE56E057F20F883E','prxlo',0,'1998-01-30','hello',0,1),(422,'2016024576','E10ADC3949BA59ABBE56E057F20F883E','xiwyh',0,'1998-01-30','hello',0,1),(423,'2016024577','E10ADC3949BA59ABBE56E057F20F883E','amcxw',0,'1998-01-30','hello',0,1),(424,'2016024578','E10ADC3949BA59ABBE56E057F20F883E','ipsbw',0,'1998-01-30','hello',0,1),(425,'2016024579','E10ADC3949BA59ABBE56E057F20F883E','hzqxt',0,'1998-01-30','hello',0,1),(426,'2016024580','E10ADC3949BA59ABBE56E057F20F883E','bmklg',0,'1998-01-30','hello',0,1),(427,'2016024581','E10ADC3949BA59ABBE56E057F20F883E','fbrnc',0,'1998-01-30','hello',0,1),(428,'2016024582','E10ADC3949BA59ABBE56E057F20F883E','fygzl',0,'1998-01-30','hello',0,1),(429,'2016024583','E10ADC3949BA59ABBE56E057F20F883E','dwehu',0,'1998-01-30','hello',0,1),(430,'2016024584','E10ADC3949BA59ABBE56E057F20F883E','iljbq',0,'1998-01-30','hello',0,1),(431,'2016024585','E10ADC3949BA59ABBE56E057F20F883E','inhnd',0,'1998-01-30','hello',0,1),(432,'2016024586','E10ADC3949BA59ABBE56E057F20F883E','lzwry',0,'1998-01-30','hello',0,1),(433,'2016024587','E10ADC3949BA59ABBE56E057F20F883E','lcwmn',0,'1998-01-30','hello',0,1),(434,'2016024588','E10ADC3949BA59ABBE56E057F20F883E','phxir',0,'1998-01-30','hello',0,1),(435,'2016024589','E10ADC3949BA59ABBE56E057F20F883E','gsimv',0,'1998-01-30','hello',0,1),(436,'2016024590','E10ADC3949BA59ABBE56E057F20F883E','htwqf',0,'1998-01-30','hello',0,1),(437,'2016024591','E10ADC3949BA59ABBE56E057F20F883E','oawds',0,'1998-01-30','hello',0,1),(438,'2016024592','E10ADC3949BA59ABBE56E057F20F883E','ttyud',0,'1998-01-30','hello',0,1),(439,'2016024593','E10ADC3949BA59ABBE56E057F20F883E','mcsrx',0,'1998-01-30','hello',0,1),(440,'2016024594','E10ADC3949BA59ABBE56E057F20F883E','busxz',0,'1998-01-30','hello',0,1),(441,'2016024595','E10ADC3949BA59ABBE56E057F20F883E','lueud',0,'1998-01-30','hello',0,1),(442,'2016024596','E10ADC3949BA59ABBE56E057F20F883E','qgram',0,'1998-01-30','hello',0,1),(443,'2016024597','E10ADC3949BA59ABBE56E057F20F883E','idgho',0,'1998-01-30','hello',0,1),(444,'2016024598','E10ADC3949BA59ABBE56E057F20F883E','prhrr',0,'1998-01-30','hello',0,1),(445,'2016024599','E10ADC3949BA59ABBE56E057F20F883E','gjucn',0,'1998-01-30','hello',0,1),(446,'2016024600','E10ADC3949BA59ABBE56E057F20F883E','aiakc',0,'1998-01-30','hello',0,1),(447,'2016024601','E10ADC3949BA59ABBE56E057F20F883E','spmoi',0,'1998-01-30','hello',0,1),(448,'2016024602','E10ADC3949BA59ABBE56E057F20F883E','yebly',0,'1998-01-30','hello',0,1),(449,'2016024603','E10ADC3949BA59ABBE56E057F20F883E','ijiqi',0,'1998-01-30','hello',0,1),(450,'2016024604','E10ADC3949BA59ABBE56E057F20F883E','xwfzf',0,'1998-01-30','hello',0,1),(451,'2016024605','E10ADC3949BA59ABBE56E057F20F883E','awmpt',0,'1998-01-30','hello',0,1),(452,'2016024606','E10ADC3949BA59ABBE56E057F20F883E','fpqec',0,'1998-01-30','hello',0,1),(453,'2016024607','E10ADC3949BA59ABBE56E057F20F883E','eoplb',0,'1998-01-30','hello',0,1),(454,'2016024608','E10ADC3949BA59ABBE56E057F20F883E','rffnz',0,'1998-01-30','hello',0,1),(455,'2016024609','E10ADC3949BA59ABBE56E057F20F883E','evoai',0,'1998-01-30','hello',0,1),(456,'2016024610','E10ADC3949BA59ABBE56E057F20F883E','betkc',0,'1998-01-30','hello',0,1),(457,'2016024611','E10ADC3949BA59ABBE56E057F20F883E','yvywv',0,'1998-01-30','hello',0,1),(458,'2016024612','E10ADC3949BA59ABBE56E057F20F883E','vxdfl',0,'1998-01-30','hello',0,1),(459,'2016024613','E10ADC3949BA59ABBE56E057F20F883E','akxqc',0,'1998-01-30','hello',0,1),(460,'2016024614','E10ADC3949BA59ABBE56E057F20F883E','vvyof',0,'1998-01-30','hello',0,1),(461,'2016024615','E10ADC3949BA59ABBE56E057F20F883E','uukjo',0,'1998-01-30','hello',0,1),(462,'2016024616','E10ADC3949BA59ABBE56E057F20F883E','iraxi',0,'1998-01-30','hello',0,1),(463,'2016024617','E10ADC3949BA59ABBE56E057F20F883E','fffmd',0,'1998-01-30','hello',0,1),(464,'2016024618','E10ADC3949BA59ABBE56E057F20F883E','iuryf',0,'1998-01-30','hello',0,1),(465,'2016024619','E10ADC3949BA59ABBE56E057F20F883E','cxusb',0,'1998-01-30','hello',0,1),(466,'2016024620','E10ADC3949BA59ABBE56E057F20F883E','kvxdr',0,'1998-01-30','hello',0,1),(467,'2016024621','E10ADC3949BA59ABBE56E057F20F883E','gihtj',0,'1998-01-30','hello',0,1),(468,'2016024622','E10ADC3949BA59ABBE56E057F20F883E','beeik',0,'1998-01-30','hello',0,1),(469,'2016024623','E10ADC3949BA59ABBE56E057F20F883E','aqifp',0,'1998-01-30','hello',0,1),(470,'2016024624','E10ADC3949BA59ABBE56E057F20F883E','bqhwm',0,'1998-01-30','hello',0,1),(471,'2016024625','E10ADC3949BA59ABBE56E057F20F883E','opqdx',0,'1998-01-30','hello',0,1),(472,'2016024626','E10ADC3949BA59ABBE56E057F20F883E','vvggi',0,'1998-01-30','hello',0,1),(473,'2016024627','E10ADC3949BA59ABBE56E057F20F883E','gynrc',0,'1998-01-30','hello',0,1),(474,'2016024628','E10ADC3949BA59ABBE56E057F20F883E','crwjh',0,'1998-01-30','hello',0,1),(475,'2016024629','E10ADC3949BA59ABBE56E057F20F883E','dnprm',0,'1998-01-30','hello',0,1),(476,'2016024630','E10ADC3949BA59ABBE56E057F20F883E','seesc',0,'1998-01-30','hello',0,1),(477,'2016024631','E10ADC3949BA59ABBE56E057F20F883E','tvhif',0,'1998-01-30','hello',0,1),(478,'2016024632','E10ADC3949BA59ABBE56E057F20F883E','ajzyi',0,'1998-01-30','hello',0,1),(479,'2016024633','E10ADC3949BA59ABBE56E057F20F883E','hrmfe',0,'1998-01-30','hello',0,1),(480,'2016024634','E10ADC3949BA59ABBE56E057F20F883E','oaogs',0,'1998-01-30','hello',0,1),(481,'2016024635','E10ADC3949BA59ABBE56E057F20F883E','pevfs',0,'1998-01-30','hello',0,1),(482,'2016024636','E10ADC3949BA59ABBE56E057F20F883E','fpcyg',0,'1998-01-30','hello',0,1),(483,'2016024637','E10ADC3949BA59ABBE56E057F20F883E','evvbw',0,'1998-01-30','hello',0,1),(484,'2016024638','E10ADC3949BA59ABBE56E057F20F883E','trcrk',0,'1998-01-30','hello',0,1),(485,'2016024639','E10ADC3949BA59ABBE56E057F20F883E','yalrx',0,'1998-01-30','hello',0,1),(486,'2016024640','E10ADC3949BA59ABBE56E057F20F883E','roxch',0,'1998-01-30','hello',0,1),(487,'2016024641','E10ADC3949BA59ABBE56E057F20F883E','jsvww',0,'1998-01-30','hello',0,1),(488,'2016024642','E10ADC3949BA59ABBE56E057F20F883E','bfzbo',0,'1998-01-30','hello',0,1),(489,'2016024643','E10ADC3949BA59ABBE56E057F20F883E','aqkcq',0,'1998-01-30','hello',0,1),(490,'2016024644','E10ADC3949BA59ABBE56E057F20F883E','onkso',0,'1998-01-30','hello',0,1),(491,'2016024645','E10ADC3949BA59ABBE56E057F20F883E','jjodw',0,'1998-01-30','hello',0,1),(492,'2016024646','E10ADC3949BA59ABBE56E057F20F883E','tefsz',0,'1998-01-30','hello',0,1),(493,'2016024647','E10ADC3949BA59ABBE56E057F20F883E','koeeb',0,'1998-01-30','hello',0,1),(494,'2016024648','E10ADC3949BA59ABBE56E057F20F883E','efbra',0,'1998-01-30','hello',0,1),(495,'2016024649','E10ADC3949BA59ABBE56E057F20F883E','ocwrj',0,'1998-01-30','hello',0,1),(496,'2016024650','E10ADC3949BA59ABBE56E057F20F883E','vhjkm',0,'1998-01-30','hello',0,1),(497,'2016024651','E10ADC3949BA59ABBE56E057F20F883E','dsahj',0,'1998-01-30','hello',0,1),(498,'2016024652','E10ADC3949BA59ABBE56E057F20F883E','xfzrb',0,'1998-01-30','hello',0,1),(499,'2016024653','E10ADC3949BA59ABBE56E057F20F883E','ohupc',0,'1998-01-30','hello',0,1),(500,'2016024654','E10ADC3949BA59ABBE56E057F20F883E','icsab',0,'1998-01-30','hello',0,1),(501,'2016024655','E10ADC3949BA59ABBE56E057F20F883E','yrsjd',0,'1998-01-30','hello',0,1),(502,'2016024656','E10ADC3949BA59ABBE56E057F20F883E','jrchw',0,'1998-01-30','hello',0,1),(503,'2016024657','E10ADC3949BA59ABBE56E057F20F883E','xpjbr',0,'1998-01-30','hello',0,1),(504,'2016024658','E10ADC3949BA59ABBE56E057F20F883E','efnkv',0,'1998-01-30','hello',0,1),(505,'2016024659','E10ADC3949BA59ABBE56E057F20F883E','ffueh',0,'1998-01-30','hello',0,1),(506,'2016024660','E10ADC3949BA59ABBE56E057F20F883E','jrlih',0,'1998-01-30','hello',0,1),(507,'2016024661','E10ADC3949BA59ABBE56E057F20F883E','kiyrs',0,'1998-01-30','hello',0,1),(508,'2016024662','E10ADC3949BA59ABBE56E057F20F883E','isrlj',0,'1998-01-30','hello',0,1),(509,'2016024663','E10ADC3949BA59ABBE56E057F20F883E','nfpps',0,'1998-01-30','hello',0,1),(510,'2016024664','E10ADC3949BA59ABBE56E057F20F883E','mmynx',0,'1998-01-30','hello',0,1),(511,'2016024665','E10ADC3949BA59ABBE56E057F20F883E','lcbrf',0,'1998-01-30','hello',0,1),(512,'2016024666','E10ADC3949BA59ABBE56E057F20F883E','dgmna',0,'1998-01-30','hello',0,1),(513,'2016024667','E10ADC3949BA59ABBE56E057F20F883E','qiitj',0,'1998-01-30','hello',0,1),(514,'2016024668','E10ADC3949BA59ABBE56E057F20F883E','vgupm',0,'1998-01-30','hello',0,1),(515,'2016024669','E10ADC3949BA59ABBE56E057F20F883E','yjchn',0,'1998-01-30','hello',0,1),(516,'2016024670','E10ADC3949BA59ABBE56E057F20F883E','gujai',0,'1998-01-30','hello',0,1),(517,'2016024671','E10ADC3949BA59ABBE56E057F20F883E','fphwj',0,'1998-01-30','hello',0,1),(518,'2016024672','E10ADC3949BA59ABBE56E057F20F883E','mwyxv',0,'1998-01-30','hello',0,1),(519,'2016024673','E10ADC3949BA59ABBE56E057F20F883E','eubmj',0,'1998-01-30','hello',0,1),(520,'2016024674','E10ADC3949BA59ABBE56E057F20F883E','dnhvw',0,'1998-01-30','hello',0,1),(521,'2016024675','E10ADC3949BA59ABBE56E057F20F883E','ncpuw',0,'1998-01-30','hello',0,1),(522,'2016024676','E10ADC3949BA59ABBE56E057F20F883E','nlrni',0,'1998-01-30','hello',0,1),(523,'2016024677','E10ADC3949BA59ABBE56E057F20F883E','cxpbg',0,'1998-01-30','hello',0,1),(524,'2016024678','E10ADC3949BA59ABBE56E057F20F883E','ewmzv',0,'1998-01-30','hello',0,1),(525,'2016024679','E10ADC3949BA59ABBE56E057F20F883E','cwqmg',0,'1998-01-30','hello',0,1),(526,'2016024680','E10ADC3949BA59ABBE56E057F20F883E','nzduy',0,'1998-01-30','hello',0,1),(527,'2016024681','E10ADC3949BA59ABBE56E057F20F883E','zjyya',0,'1998-01-30','hello',0,1),(528,'2016024682','E10ADC3949BA59ABBE56E057F20F883E','oqbqu',0,'1998-01-30','hello',0,1),(529,'2016024683','E10ADC3949BA59ABBE56E057F20F883E','mudgh',0,'1998-01-30','hello',0,1),(530,'2016024684','E10ADC3949BA59ABBE56E057F20F883E','pktjb',0,'1998-01-30','hello',0,1),(531,'2016024685','E10ADC3949BA59ABBE56E057F20F883E','ufokl',0,'1998-01-30','hello',0,1),(532,'2016024686','E10ADC3949BA59ABBE56E057F20F883E','jrtrz',0,'1998-01-30','hello',0,1),(533,'2016024687','E10ADC3949BA59ABBE56E057F20F883E','fcihu',0,'1998-01-30','hello',0,1),(534,'2016024688','E10ADC3949BA59ABBE56E057F20F883E','ljnaa',0,'1998-01-30','hello',0,1),(535,'2016024689','E10ADC3949BA59ABBE56E057F20F883E','qdtfy',0,'1998-01-30','hello',0,1),(536,'2016024690','E10ADC3949BA59ABBE56E057F20F883E','ssoyv',0,'1998-01-30','hello',0,1),(537,'2016024691','E10ADC3949BA59ABBE56E057F20F883E','zgens',0,'1998-01-30','hello',0,1),(538,'2016024692','E10ADC3949BA59ABBE56E057F20F883E','fvzhm',0,'1998-01-30','hello',0,1),(539,'2016024693','E10ADC3949BA59ABBE56E057F20F883E','xykbi',0,'1998-01-30','hello',0,1),(540,'2016024694','E10ADC3949BA59ABBE56E057F20F883E','brbet',0,'1998-01-30','hello',0,1),(541,'2016024695','E10ADC3949BA59ABBE56E057F20F883E','isqxa',0,'1998-01-30','hello',0,1),(542,'2016024696','E10ADC3949BA59ABBE56E057F20F883E','sfjvy',0,'1998-01-30','hello',0,1),(543,'2016024697','E10ADC3949BA59ABBE56E057F20F883E','chuor',0,'1998-01-30','hello',0,1),(544,'2016024698','E10ADC3949BA59ABBE56E057F20F883E','uzxng',0,'1998-01-30','hello',0,1),(545,'2016024699','E10ADC3949BA59ABBE56E057F20F883E','nlajx',0,'1998-01-30','hello',0,1);

/*!40101 SET SQL_MODE=@OLD_SQL_MODE */;
/*!40014 SET FOREIGN_KEY_CHECKS=@OLD_FOREIGN_KEY_CHECKS */;
/*!40014 SET UNIQUE_CHECKS=@OLD_UNIQUE_CHECKS */;
/*!40111 SET SQL_NOTES=@OLD_SQL_NOTES */;
